offset,keyLength,pad,fileID,startBlock,attrNameLen,attrName,nodeNumber,
8462862,46,0,9111441,0,17,com.apple.decmpfs,70443,
8462914,46,0,9111446,0,17,com.apple.decmpfs,70442,
8462966,46,0,9111466,0,17,com.apple.decmpfs,70445,
8463018,46,0,9111476,0,17,com.apple.decmpfs,70446,
8463070,46,0,9111519,0,17,com.apple.decmpfs,862,
8463122,52,0,9114475,0,20,com.apple.quarantine,872,
8463180,52,0,9115019,0,20,com.apple.quarantine,888,
8463238,52,0,9115792,0,20,com.apple.quarantine,912,
8463296,52,0,9116376,0,20,com.apple.quarantine,929,
8463354,46,0,9124282,0,17,com.apple.decmpfs,938,
8463406,52,0,9125785,0,20,com.apple.quarantine,955,
8463464,52,0,9126052,0,20,com.apple.quarantine,995,
8463522,52,0,9126901,0,20,com.apple.quarantine,1047,
8463580,52,0,9127715,0,20,com.apple.quarantine,1056,
8463638,52,0,9128161,0,20,com.apple.quarantine,1091,
8463696,52,0,9128874,0,20,com.apple.quarantine,786,
8463754,52,0,9130381,0,20,com.apple.quarantine,1473,
8463812,52,0,9131677,0,20,com.apple.quarantine,1784,
8463870,52,0,9132177,0,20,com.apple.quarantine,1138,
8463928,62,0,9132463,0,25,com.apple.system.Security,1785,
8463996,52,0,9132775,0,20,com.apple.quarantine,1786,
8464054,52,0,9135493,0,20,com.apple.quarantine,1792,
8464112,52,0,9137185,0,20,com.apple.quarantine,1903,
8464170,52,0,9138706,0,20,com.apple.quarantine,2121,
8464228,52,0,9140351,0,20,com.apple.quarantine,2122,
8464286,52,0,9143967,0,20,com.apple.quarantine,2207,
8464344,52,0,9144695,0,20,com.apple.quarantine,2225,
8464402,52,0,9145889,0,20,com.apple.quarantine,2230,
8464460,52,0,9147250,0,20,com.apple.quarantine,2237,
8464518,52,0,9147922,0,20,com.apple.quarantine,2243,
8464576,52,0,9149145,0,20,com.apple.quarantine,2247,
8464634,52,0,9149712,0,20,com.apple.quarantine,2254,
8464692,52,0,9150372,0,20,com.apple.quarantine,2244,
8464750,52,0,9150530,0,20,com.apple.quarantine,2262,
8464808,52,0,9150927,0,20,com.apple.quarantine,2269,
8464866,52,0,9151062,0,20,com.apple.quarantine,2273,
8464924,52,0,9151778,0,20,com.apple.quarantine,2280,
8464982,52,0,9151903,0,20,com.apple.quarantine,2287,
8465040,52,0,9152641,0,20,com.apple.quarantine,2294,
8465098,52,0,9153439,0,20,com.apple.quarantine,2301,
8465156,52,0,9154786,0,20,com.apple.quarantine,2308,
8465214,52,0,9159325,0,20,com.apple.quarantine,1472,
8465272,52,0,9162931,0,20,com.apple.quarantine,2315,
8465330,52,0,9165230,0,20,com.apple.quarantine,2324,
8465388,52,0,9165943,0,20,com.apple.quarantine,2827,
8465446,52,0,9167545,0,20,com.apple.quarantine,3194,
8465504,52,0,9176821,0,20,com.apple.quarantine,1108,
8465562,52,0,9181569,0,20,com.apple.quarantine,3196,
8465620,52,0,9182329,0,20,com.apple.quarantine,3193,
8465678,52,0,9182942,0,20,com.apple.quarantine,3198,
8465736,52,0,9183114,0,20,com.apple.quarantine,3197,
8465794,52,0,9183587,0,20,com.apple.quarantine,3199,
8465852,52,0,9184140,0,20,com.apple.quarantine,3200,
8465910,52,0,9184846,0,20,com.apple.quarantine,3202,
8465968,52,0,9185864,0,20,com.apple.quarantine,82,
8466026,46,0,9186704,0,17,com.apple.decmpfs,1030,
8466078,52,0,9191979,0,20,com.apple.quarantine,3203,
8466136,52,0,9475021,0,20,com.apple.quarantine,3204,
8466194,82,0,9475214,0,35,com.apple.iwork.documentUUID.synced,3205,
8466282,52,0,9477521,0,20,com.apple.quarantine,3207,
8466340,52,0,9477877,0,20,com.apple.quarantine,3195,
8466398,52,0,9517896,0,20,com.apple.quarantine,3208,
8466456,52,0,9522249,0,20,com.apple.quarantine,3209,
8466514,52,0,9523098,0,20,com.apple.quarantine,196,
8466572,82,0,9524686,0,35,com.apple.iwork.documentUUID.synced,180,
8466660,52,0,9525891,0,20,com.apple.quarantine,705,
8466718,84,0,9529716,0,36,com.apple.metadata:kMDItemWhereFroms,4233,
8466808,98,0,9529734,0,43,com.apple.metadata:kMDItemScreenCaptureType,3830,
8466912,52,0,9529787,0,20,com.apple.quarantine,4201,
8466970,52,0,9529891,0,20,com.apple.quarantine,4232,
8467028,52,0,9529972,0,20,com.apple.quarantine,4935,
8467086,46,0,9532593,0,17,com.apple.decmpfs,4937,
8467138,56,0,9567865,0,22,com.apple.TextEncoding,4938,
8467200,46,0,9568337,0,17,com.apple.decmpfs,4939,
8467252,52,0,9615001,0,20,com.apple.quarantine,3201,
